Animales congelados por bajas temperaturas en Noruega,https://www.telemadrid.es/noticias/sociedad/Animales-congelados-por-bajas-temperaturas-en-Noruega-0-2634336606--20240117063602.html,noticias,2024/01/17
El Corte Inglés cierra su centro comercial de Méndez Alvaro el 29 de febrero tras más de 30 años de actividad,https://www.telemadrid.es/noticias/economia/El-Corte-Ingles-cierra-su-centro-comercial-de-Mendez-Alvaro-el-29-de-febrero-tras-mas-de-30-anos-de-actividad-0-2634036623--20240116061641.html,noticias,2024/01/16
Detenido un joven en la estación de Atocha que pretendía viajar a Alemania con 10 kilos de hachís en la maleta,https://www.telemadrid.es/noticias/sociedad/Detenido-un-joven-en-la-estacion-de-Atocha-que-pretendia-viajar-a-Alemania-con-10-kilos-de-hachis-en-la-maleta-0-2634336574--20240117010027.html,noticias,2024/01/17
Fuenlabrada retoma este domingo sus rutas teatralizadas por el casco histórico,/noticias/madrid/Fuenlabrada-retoma-este-domingo-sus-rutas-teatralizadas-por-el-casco-historico-0-2632836772--20240112084826.html,noticias,2024/01/12
Jorge Blass Nuria Espert y el Ballet Nacional de España entre las propuestas del MIRA de Pozuelo de Alarcón,/noticias/madrid/Jorge-Blass-Nuria-Espert-y-el-Ballet-Nacional-de-Espana-entre-las-propuestas-del-MIRA-de-Pozuelo-de-Alarcon-0-2632536778--20240111055841.html,noticias,2024/01/11
Nueva invasión de zombies en Ciempozuelos el 20 de enero,/noticias/madrid/Nueva-invasion-de-zombies-en-Ciempozuelos-el-20-de-enero-0-2632536771--20240111035758.html,noticias,2024/01/11
Las películas candidatas a los Goya en ALCINE de Alcalá,/noticias/madrid/Las-peliculas-candidatas-a-los-Goya-en-ALCINE-de-Alcala-0-2632536767--20240111021954.html,noticias,2024/01/11
7 lugares para disfrutar de la nieve en Madrid,/noticias/madrid/7-lugares-para-disfrutar-de-la-nieve-en-la-Comunidad-de-Madrid-0-2632236785--20240110010956.html,noticias,2024/01/10
Lo que tienes que saber sobre los encierros blancos de San Sebastián de los Reyes,/noticias/madrid/Lo-que-tienes-que-saber-sobre-los-encierros-blancos-de-San-Sebastian-de-los-Reyes-0-2634636521--20240118104551.html,noticias,2024/01/18
La Guardia Civil desmantela un grupo especializado en robos en interior de vehículos para cometer estafas en Arganda del rey,/noticias/madrid/La-Guardia-Civil-desmantela-un-grupo-especializado-en-robos-en-interior-de-vehiculos-para-cometer-estafas-en-Arganda-del-rey-0-2634636526--20240118103931.html,noticias,2024/01/18
Los Playmobil conquistan Villaviciosa de Odón,/noticias/madrid/Los-Playmobil-conquistan-Villaviciosa-de-Odon-0-2634636513--20240118084840.html,noticias,2024/01/18
La Comunidad de Madrid entregará en verano las primeras 300 viviendas de alquiler del Plan Vive en Alcalá,/noticias/madrid/La-Comunidad-de-Madrid-entregara-en-verano-las-primeras-300-viviendas-de-alquiler-del-Plan-Vive-en-Alcala-0-2634336620--20240117085215.html,noticias,2024/01/17
Investigan el disparo recibido por una mujer tras una discusión entre familias en Parla,/noticias/madrid/Investigan-el-disparo-recibido-por-una-mujer-tras-una-discusion-entre-familias-en-Parla-0-2634336619--20240117084805.html,noticias,2024/01/17
Aranjuez iniciará de emergencia el relleno del socavón del barrio de La Montaña,/noticias/madrid/Aranjuez-iniciara-de-emergencia-el-relleno-del-socavon-del-barrio-de-La-Montana-0-2634336618--20240117084348.html,noticias,2024/01/17
La Banda Municipal de Sanse homenajea a Elena Romero la primera mujer directora de orquesta en España,/noticias/madrid/La-Banda-Municipal-de-Sanse-homenajea-a-Elena-Romero-la-primera-mujer-directora-de-orquesta-en-Espana-0-2634336607--20240117065113.html,noticias,2024/01/17
Ayudar en el cambio del colegio al instituto te renta en Fuenlabrada,/noticias/madrid/Ayudar-en-el-cambio-del-colegio-al-instituto-te-renta-en-Fuenlabrada-0-2634336605--20240117061556.html,noticias,2024/01/17
La Comunidad soterra la red de baja tensión y telefonía del casco urbano de Redueña,/noticias/madrid/La-Comunidad-soterra-la-red-de-baja-tension-y-telefonia-del-casco-urbano-de-Reduena-0-2634336602--20240117055015.html,noticias,2024/01/17
Estos son los Óscar científicos y técnicos también hay premios para la tecnología,/noticias/cultura/Estos-son-los-Oscar-cientificos-y-tecnicos-tambien-hay-premios-para-la-tecnologia-0-2632536792--20240111112215.html,noticias,2024/01/11
Telemadrid despedirá el año con  la San Silvestre Vallecana el mensaje de Ayuso y las Campanadas,/noticias/madrid/Telemadrid-despedira-el-ano-con-la-San-Silvestre-Vallecana-el-mensaje-de-Ayuso-y-las-Campanadas-0-2629237051--20231231084231.html,noticias,2023/12/31
Animales congelados por bajas temperaturas en Noruega,https://www.telemadrid.es/noticias/sociedad/Animales-congelados-por-bajas-temperaturas-en-Noruega-0-2634336606--20240117063602.html,noticias,2024/01/17
El Corte Inglés cierra su centro comercial de Méndez Alvaro el 29 de febrero tras más de 30 años de actividad,https://www.telemadrid.es/noticias/economia/El-Corte-Ingles-cierra-su-centro-comercial-de-Mendez-Alvaro-el-29-de-febrero-tras-mas-de-30-anos-de-actividad-0-2634036623--20240116061641.html,noticias,2024/01/16
Detenido un joven en la estación de Atocha que pretendía viajar a Alemania con 10 kilos de hachís en la maleta,https://www.telemadrid.es/noticias/sociedad/Detenido-un-joven-en-la-estacion-de-Atocha-que-pretendia-viajar-a-Alemania-con-10-kilos-de-hachis-en-la-maleta-0-2634336574--20240117010027.html,noticias,2024/01/17
Fuenlabrada retoma este domingo sus rutas teatralizadas por el casco histórico,/noticias/madrid/Fuenlabrada-retoma-este-domingo-sus-rutas-teatralizadas-por-el-casco-historico-0-2632836772--20240112084826.html,noticias,2024/01/12
Jorge Blass Nuria Espert y el Ballet Nacional de España entre las propuestas del MIRA de Pozuelo de Alarcón,/noticias/madrid/Jorge-Blass-Nuria-Espert-y-el-Ballet-Nacional-de-Espana-entre-las-propuestas-del-MIRA-de-Pozuelo-de-Alarcon-0-2632536778--20240111055841.html,noticias,2024/01/11
Nueva invasión de zombies en Ciempozuelos el 20 de enero,/noticias/madrid/Nueva-invasion-de-zombies-en-Ciempozuelos-el-20-de-enero-0-2632536771--20240111035758.html,noticias,2024/01/11
Las películas candidatas a los Goya en ALCINE de Alcalá,/noticias/madrid/Las-peliculas-candidatas-a-los-Goya-en-ALCINE-de-Alcala-0-2632536767--20240111021954.html,noticias,2024/01/11
7 lugares para disfrutar de la nieve en Madrid,/noticias/madrid/7-lugares-para-disfrutar-de-la-nieve-en-la-Comunidad-de-Madrid-0-2632236785--20240110010956.html,noticias,2024/01/10
Lo que tienes que saber sobre los encierros blancos de San Sebastián de los Reyes,/noticias/madrid/Lo-que-tienes-que-saber-sobre-los-encierros-blancos-de-San-Sebastian-de-los-Reyes-0-2634636521--20240118104551.html,noticias,2024/01/18
La Guardia Civil desmantela un grupo especializado en robos en interior de vehículos para cometer estafas en Arganda del rey,/noticias/madrid/La-Guardia-Civil-desmantela-un-grupo-especializado-en-robos-en-interior-de-vehiculos-para-cometer-estafas-en-Arganda-del-rey-0-2634636526--20240118103931.html,noticias,2024/01/18
Los Playmobil conquistan Villaviciosa de Odón,/noticias/madrid/Los-Playmobil-conquistan-Villaviciosa-de-Odon-0-2634636513--20240118084840.html,noticias,2024/01/18
La Comunidad de Madrid entregará en verano las primeras 300 viviendas de alquiler del Plan Vive en Alcalá,/noticias/madrid/La-Comunidad-de-Madrid-entregara-en-verano-las-primeras-300-viviendas-de-alquiler-del-Plan-Vive-en-Alcala-0-2634336620--20240117085215.html,noticias,2024/01/17
Investigan el disparo recibido por una mujer tras una discusión entre familias en Parla,/noticias/madrid/Investigan-el-disparo-recibido-por-una-mujer-tras-una-discusion-entre-familias-en-Parla-0-2634336619--20240117084805.html,noticias,2024/01/17
Aranjuez iniciará de emergencia el relleno del socavón del barrio de La Montaña,/noticias/madrid/Aranjuez-iniciara-de-emergencia-el-relleno-del-socavon-del-barrio-de-La-Montana-0-2634336618--20240117084348.html,noticias,2024/01/17
La Banda Municipal de Sanse homenajea a Elena Romero la primera mujer directora de orquesta en España,/noticias/madrid/La-Banda-Municipal-de-Sanse-homenajea-a-Elena-Romero-la-primera-mujer-directora-de-orquesta-en-Espana-0-2634336607--20240117065113.html,noticias,2024/01/17
Ayudar en el cambio del colegio al instituto te renta en Fuenlabrada,/noticias/madrid/Ayudar-en-el-cambio-del-colegio-al-instituto-te-renta-en-Fuenlabrada-0-2634336605--20240117061556.html,noticias,2024/01/17
La Comunidad soterra la red de baja tensión y telefonía del casco urbano de Redueña,/noticias/madrid/La-Comunidad-soterra-la-red-de-baja-tension-y-telefonia-del-casco-urbano-de-Reduena-0-2634336602--20240117055015.html,noticias,2024/01/17
Estos son los Óscar científicos y técnicos también hay premios para la tecnología,/noticias/cultura/Estos-son-los-Oscar-cientificos-y-tecnicos-tambien-hay-premios-para-la-tecnologia-0-2632536792--20240111112215.html,noticias,2024/01/11
Telemadrid despedirá el año con  la San Silvestre Vallecana el mensaje de Ayuso y las Campanadas,/noticias/madrid/Telemadrid-despedira-el-ano-con-la-San-Silvestre-Vallecana-el-mensaje-de-Ayuso-y-las-Campanadas-0-2629237051--20231231084231.html,noticias,2023/12/31
